{"cameraMode":{"drawMode":0,"name":"Shaded","section":"Shading Mode"},"sceneLighting":true,"audioPlay":false,"sceneViewState":{"m_AlwaysRefresh":false,"showFog":true,"showSkybox":true,"showFlares":true,"showImageEffects":true,"showParticleSystems":true,"showVisualEffectGraphs":true,"m_FxEnabled":true},"in2DMode":false,"pivot":{"x":15.695000648498536,"y":8.074999809265137,"z":-27.119998931884767},"rotation":{"x":0.3630232810974121,"y":-0.22902730107307435,"z":0.09254053980112076,"w":0.898442804813385},"size":13.406515121459961,"orthographic":true}